"Table 13.1 - CASH INCOME, OUTGO, AND BALANCES OF THE SOCIAL SECURITY AND MEDICARE TRUST FUNDS:  1936 - 2023",,,,,,,,,,,,,,,,,,,,,,,,,,,,,,,,,,,,,,,,,,,,,,,,,,,,,,,,,,,,,,,,,,,,,,,,,,,,,,,,,,,,,,,,,
(in millions of dollars),,,,,,,,,,,,,,,,,,,,,,,,,,,,,,,,,,,,,,,,,,,,,,,,,,,,,,,,,,,,,,,,,,,,,,,,,,,,,,,,,,,,,,,,,
,1936,1937,1938,1939,1940,1941,1942,1943,1944,1945,1946,1947,1948,1949,1950,1951,1952,1953,1954,1955,1956,1957,1958,1959,1960,1961,1962,1963,1964,1965,1966,1967,1968,1969,1970,1971,1972,1973,1974,1975,1976,TQ,1977,1978,1979,1980,1981,1982,1983,1984,1985,1986,1987,1988,1989,1990,1991,1992,1993,1994,1995,1996,1997,1998,1999,2000,2001,2002,2003,2004,2005,2006,2007,2008,2009,2010,2011,2012,2013,2014,2015,2016,2017,2018 estimate,2019 estimate,2020 estimate,2021 estimate,2022 estimate,2023 estimate
Old age and survivors insurance fund:,,,,,,,,,,,,,,,,,,,,,,,,,,,,,,,,,,,,,,,,,,,,,,,,,,,,,,,,,,,,,,,,,,,,,,,,,,,,,,,,,,,,,,,,,
Cash income:,,,,,,,,,,,,,,,,,,,,,,,,,,,,,,,,,,,,,,,,,,,,,,,,,,,,,,,,,,,,,,,,,,,,,,,,,,,,,,,,,,,,,,,,,
Social insurance and retirement receipts,..........,265,387,503,550,688,896,"1,130","1,292","1,310","1,238","1,459","1,616","1,690","2,106","3,120","3,594","4,097","4,589","5,081","6,425","6,457","7,138","7,418","9,671","11,104","11,267","13,117","15,242","15,567","17,556","22,197","22,265","25,484","29,396","31,354","35,132","40,703","47,778","55,207","58,703","15,886","68,032","73,141","83,410","96,581","117,757","122,840","128,972","150,312","169,822","182,518","194,541","220,337","240,595","255,031","265,502","273,136","281,735","302,607","284,091","311,869","336,729","358,784","383,559","411,677","434,057","440,541","447,806","457,120","493,646","520,069","542,901","562,519","559,067","539,996","483,683","486,783","575,555","628,792","658,543","665,672","688,048","689,251","762,733","804,718","850,071","896,597","942,510"
Intragovernmental receipts:,,,,,,,,,,,,,,,,,,,,,,,,,,,,,,,,,,,,,,,,,,,,,,,,,,,,,,,,,,,,,,,,,,,,,,,,,,,,,,,,,,,,,,,,,
"Employer share, employee retirement (952)",..........,..........,..........,..........,..........,..........,..........,..........,..........,..........,..........,..........,..........,..........,..........,..........,..........,..........,1,6,18,83,130,147,171,189,203,224,260,263,310,370,397,469,559,561,579,615,677,810,852,220,863,906,948,"1,027","1,259","1,406","1,534","1,852","2,288","2,608","3,011","4,000","4,432","5,038","5,242","5,508","5,796","5,787","5,434","5,326","5,582","6,086","6,374","6,542","6,761","7,591","8,207","9,686","9,352","9,937","10,514","11,231","12,161","12,765","12,908","13,331","13,820","13,452","13,684","13,871","14,155","14,812","15,890","16,645","17,263","18,033","18,630"
Interest (903),..........,2,15,27,42,56,71,87,103,124,148,163,191,230,257,287,334,387,439,438,487,555,555,543,516,530,539,512,539,583,588,725,896,"1,009","1,346","1,617","1,718","1,846","2,039","2,292","2,344",80,"2,279","2,151","1,920","1,886","2,015","1,707","1,396","2,752","3,537","3,698","4,495","6,758","10,649","15,125","19,164","22,557","25,822","28,505","31,417","34,026","37,688","42,197","46,847","53,531","61,239","68,105","73,980","76,441","81,708","87,316","95,069","102,720","107,227","108,601","107,413","105,239","100,113","96,270","93,235","89,069","84,887","81,518","78,975","76,946","75,214","72,210","70,304"
Other,..........,..........,..........,..........,..........,..........,..........,..........,..........,..........,..........,*,1,3,4,4,4,..........,12,10,7,5,2,*,1,1,2,2,3,3,7,79,78,382,442,449,488,475,442,447,425,..........,614,613,615,557,540,675,"18,683","8,400","6,639","7,544","5,447","5,501","5,819","4,405","5,838","5,949","5,967","5,371","5,137","5,763","6,477","8,610","10,188","12,491","11,790","13,025","12,352","13,288","15,347","20,288","17,846","16,433","18,977","21,091","88,626","123,638","50,188","24,755","29,843","31,249","35,428","34,124","35,391","39,507","43,356","47,218","51,235"
Total intragovernmental receipts,..........,2,15,27,42,56,71,87,103,124,148,164,191,233,260,291,337,387,452,454,513,644,687,690,688,720,744,738,801,849,905,"1,174","1,371","1,859","2,347","2,627","2,785","2,936","3,157","3,549","3,621",300,"3,756","3,670","3,483","3,470","3,814","3,788","21,613","13,004","12,465","13,850","12,953","16,259","20,900","24,568","30,244","34,015","37,585","39,663","41,988","45,115","49,747","56,893","63,409","72,564","79,790","88,721","94,539","99,415","106,407","117,541","123,429","130,384","138,365","142,457","208,947","242,208","164,121","134,477","136,762","134,189","134,470","130,454","130,256","133,098","135,833","137,461","140,169"
Other cash income,..........,..........,..........,..........,..........,..........,..........,..........,..........,..........,..........,..........,..........,..........,..........,..........,*,*,*,*,*,*,*,*,*,*,*,*,*,*,*,*,4,4,3,1,*,*,*,*,3,*,8,*,*,*,*,*,*,*,*,*,31,*,*,*,*,*,5,7,6,9,9,10,9,18,24,16,16,12,16,12,10,20,16,17,20,23,24,39,11,6,14,5,5,5,5,5,5
Total cash income,..........,267,402,530,592,744,967,"1,218","1,395","1,434","1,386","1,623","1,807","1,924","2,367","3,411","3,932","4,483","5,040","5,535","6,938","7,101","7,825","8,109","10,360","11,824","12,011","13,856","16,043","16,417","18,461","23,371","23,641","27,348","31,746","33,982","37,916","43,639","50,935","58,756","62,327","16,186","71,795","76,811","86,893","100,051","121,572","126,629","150,586","163,315","182,287","196,368","207,525","236,596","261,495","279,599","295,747","307,152","319,325","342,278","326,085","356,993","386,485","415,687","446,977","484,259","513,871","529,278","542,361","556,547","600,069","637,622","666,340","692,923","697,448","682,470","692,650","729,014","739,700","763,308","795,316","799,867","822,532","819,710","892,994","937,821","985,909","1,034,063","1,082,684"
Cash outgo:,,,,,,,,,,,,,,,,,,,,,,,,,,,,,,,,,,,,,,,,,,,,,,,,,,,,,,,,,,,,,,,,,,,,,,,,,,,,,,,,,,,,,,,,,
Benefit payments (1),..........,*,5,14,16,64,110,149,185,240,321,426,512,607,727,"1,498","1,982","2,627","3,276","4,333","5,361","6,515","7,875","9,049","10,270","11,185","12,658","13,845","14,579","15,226","18,071","18,886","20,737","23,732","26,267","31,101","34,541","42,170","47,849","54,839","62,140","16,876","71,271","78,524","87,592","100,615","119,413","134,655","148,312","155,846","165,422","174,364","182,055","192,541","204,648","218,957","236,120","251,317","264,582","276,291","288,617","299,985","312,880","324,274","332,383","347,894","367,702","383,970","396,597","411,157","430,375","454,265","479,742","502,990","544,598","572,528","591,490","627,221","663,213","698,235","733,713","762,121","791,092","836,051","891,999","949,631","1,009,865","1,073,653","1,141,085"
Payments to the railroad retirement account,..........,..........,..........,..........,..........,..........,..........,..........,..........,..........,..........,..........,..........,..........,..........,..........,..........,..........,..........,..........,..........,..........,..........,124,600,332,361,423,403,436,444,508,438,491,579,613,724,783,909,982,"1,212",..........,"1,208","1,589","1,448","1,442","1,585","1,793","2,251","2,404","2,310","2,585","2,557","2,790","2,845","2,969","3,375","3,148","3,353","3,420","4,052","3,554","3,688","3,662","3,681","3,538","3,273","3,493","3,580","3,628","3,579","3,458","3,575","3,632","3,690","3,930","4,110","4,139","3,948","4,257","4,258","4,287","4,316","4,732","4,839","4,907","4,858","5,080","5,139"
Interest payments,..........,..........,..........,..........,..........,..........,..........,..........,..........,..........,..........,..........,..........,..........,..........,..........,..........,..........,..........,..........,..........,..........,..........,..........,..........,..........,..........,..........,..........,..........,..........,..........,..........,..........,..........,..........,..........,..........,..........,..........,..........,..........,..........,..........,..........,..........,..........,..........,"1,544","2,565","2,293","1,013",625,836,989,982,418,..........,-*,..........,..........,..........,..........,..........,..........,..........,..........,..........,..........,..........,..........,..........,..........,..........,..........,..........,..........,..........,..........,..........,..........,..........,..........,..........,..........,..........,..........,..........,..........
Administrative expenses,..........,..........,..........,..........,12,27,27,27,33,27,37,41,47,53,57,70,85,89,89,103,124,150,166,206,203,236,252,263,303,300,254,334,449,465,474,552,582,667,723,848,935,234,993,"1,086","1,077","1,160","1,302","1,475","1,552","1,585","1,588","1,610","1,542","1,730","1,658","1,566","1,747","1,824","2,026","1,876","1,805","1,793","2,001","1,833","1,851","1,995","2,093","2,118","2,519","2,517","2,874","2,987","2,992","3,295","3,373","3,467","3,657","3,370","3,421","3,434","3,506","3,425","3,566","3,458","3,309","3,203","3,204","3,206","3,207"
Military service credit adjustment,..........,..........,..........,..........,..........,..........,..........,..........,..........,..........,..........,..........,..........,..........,..........,..........,..........,..........,..........,..........,..........,..........,..........,..........,..........,..........,..........,..........,..........,..........,..........,..........,..........,..........,..........,..........,..........,..........,..........,..........,..........,..........,..........,..........,..........,..........,..........,..........,..........,..........,..........,..........,..........,..........,..........,..........,"2,114",..........,..........,..........,..........,129,..........,..........,..........,..........,..........,..........,..........,..........,..........,350,..........,..........,..........,..........,113,..........,..........,..........,..........,..........,..........,..........,..........,..........,..........,..........,..........
Beneficiary services and other (1 2),..........,..........,..........,..........,..........,..........,..........,..........,..........,..........,..........,..........,..........,..........,..........,..........,..........,..........,-*,..........,..........,..........,-*,-3,-3,-22,9,1,-1,3,1,1,*,2,1,2,1,3,2,8,9,1,7,6,12,10,4,6,330,6,*,..........,..........,-*,..........,*,*,..........,*,..........,..........,..........,..........,..........,..........,..........,-25,..........,2,3,2,3,3,3,3,3,2,2,4,2,-16,-32,75,10,-6,..........,..........,..........,..........
Total cash outgo,..........,*,5,14,28,91,137,177,217,267,358,466,559,661,784,"1,569","2,067","2,717","3,364","4,436","5,485","6,665","8,041","9,377","11,069","11,730","13,279","14,531","15,284","15,965","18,770","19,729","21,624","24,690","27,320","32,268","35,848","43,623","49,483","56,676","64,296","17,110","73,479","81,205","90,129","103,227","122,304","137,929","153,989","162,406","171,614","179,572","186,780","197,897","210,141","224,475","243,774","256,290","269,960","281,586","294,474","305,461","318,569","329,769","337,915","353,427","373,043","389,581","402,698","417,305","436,830","461,063","486,312","509,920","551,664","579,928","599,372","634,732","670,586","705,928","741,461","769,801","799,049","844,251","900,141","957,741","1,017,927","1,081,939","1,149,431"
Surplus or deficit (-),..........,267,397,516,564,653,830,"1,041","1,178","1,167","1,028","1,157","1,248","1,263","1,583","1,843","1,864","1,766","1,677","1,098","1,452",436,-216,"-1,268",-710,94,"-1,268",-675,760,452,-309,"3,642","2,017","2,657","4,426","1,714","2,068",16,"1,452","2,080","-1,969",-924,"-1,683","-4,394","-3,236","-3,176",-733,"-11,300","-3,403",909,"10,673","16,797","20,745","38,700","51,354","55,125","51,972","50,862","49,364","60,691","31,611","51,532","67,916","85,918","109,062","130,832","140,828","139,697","139,663","139,242","163,239","176,559","180,028","183,003","145,784","102,542","93,278","94,282","69,114","57,380","53,855","30,066","23,483","-24,541","-7,147","-19,920","-32,018","-47,876","-66,747"
Borrowing or repayment (-) of borrowing from other trust funds,..........,..........,..........,..........,..........,..........,..........,..........,..........,..........,..........,..........,..........,..........,..........,..........,..........,..........,..........,..........,..........,..........,..........,..........,..........,..........,..........,..........,..........,..........,..........,..........,..........,..........,..........,..........,..........,..........,..........,..........,..........,..........,..........,..........,..........,..........,..........,..........,"17,519",..........,"-4,364","-13,155",..........,..........,..........,..........,..........,..........,..........,..........,..........,..........,..........,..........,..........,..........,..........,..........,..........,..........,..........,..........,..........,..........,..........,..........,..........,..........,..........,..........,..........,..........,..........,..........,..........,..........,..........,..........,..........
Adjustment to balances,..........,..........,..........,..........,..........,..........,..........,..........,..........,..........,..........,..........,..........,..........,..........,..........,..........,..........,..........,..........,..........,..........,..........,..........,..........,..........,..........,..........,..........,..........,..........,..........,..........,..........,..........,..........,..........,..........,..........,..........,..........,..........,..........,..........,..........,..........,..........,..........,..........,..........,..........,..........,..........,..........,..........,..........,..........,..........,..........,..........,..........,..........,..........,..........,..........,..........,..........,..........,..........,..........,..........,..........,"-5,042",..........,..........,-102,..........,..........,-2,-1,..........,..........,-2,81,13,..........,..........,..........,..........
"Fund balance, end of year",..........,267,664,"1,180","1,745","2,398","3,227","4,268","5,446","6,613","7,641","8,798","10,047","11,310","12,893","14,736","16,600","18,366","20,040","21,141","22,593","23,029","22,813","21,545","20,835","20,929","19,662","18,987","19,746","20,198","19,889","23,531","25,548","28,205","32,631","34,345","36,413","36,429","37,881","39,961","37,992","37,068","35,384","30,990","27,754","24,578","23,845","12,545","26,661","27,570","33,879","37,521","58,266","96,966","148,320","203,445","255,417","306,280","355,644","416,335","447,946","499,479","567,395","653,314","762,376","893,208","1,034,036","1,173,733","1,313,395","1,452,637","1,615,876","1,792,435","1,967,421","2,150,424","2,296,208","2,398,648","2,491,926","2,586,208","2,655,320","2,712,699","2,766,554","2,796,620","2,820,101","2,795,641","2,788,507","2,768,587","2,736,569","2,688,693","2,621,946"
Invested balance,..........,267,662,"1,177","1,738","2,381","3,202","4,237","5,409","6,546","7,549","8,742","9,937","11,231","12,645","14,323","16,273","17,818","19,337","20,580","22,041","22,263","21,765","20,478","19,756","19,553","18,456","17,633","18,325","18,783","17,925","21,780","23,250","26,235","30,121","31,375","33,203","35,501","37,717","39,892","37,968","37,055","35,410","30,967","27,328","23,577","23,255","11,932","25,503","27,224","30,971","36,948","58,356","97,137","148,565","203,717","255,557","306,524","355,510","413,425","447,947","499,403","567,445","653,282","762,226","893,519","1,034,114","1,173,759","1,313,427","1,452,637","1,616,159","1,793,129","1,968,262","2,150,651","2,296,316","2,399,111","2,492,531","2,586,697","2,655,599","2,712,805","2,766,649","2,796,712","2,820,200","2,795,680","2,788,632","2,768,587","2,736,569","2,688,693","2,621,946"
Uninvested balance,..........,*,2,3,7,17,26,31,38,67,93,56,110,79,248,413,327,549,703,560,552,766,"1,048","1,066","1,079","1,376","1,206","1,354","1,421","1,415","1,964","1,751","2,298","1,971","2,510","2,970","3,211",928,164,69,25,13,-25,23,426,"1,000",590,614,"1,158",346,"2,908",573,-89,-171,-245,-271,-140,-244,134,"2,911",-1,75,-49,32,150,-311,-78,-26,-32,..........,-283,-694,-841,-227,-108,-463,-605,-489,-279,-106,-95,-92,-99,-39,-125,..........,..........,..........,..........
Disability insurance trust fund:,,,,,,,,,,,,,,,,,,,,,,,,,,,,,,,,,,,,,,,,,,,,,,,,,,,,,,,,,,,,,,,,,,,,,,,,,,,,,,,,,,,,,,,,,
Cash income:,,,,,,,,,,,,,,,,,,,,,,,,,,,,,,,,,,,,,,,,,,,,,,,,,,,,,,,,,,,,,,,,,,,,,,,,,,,,,,,,,,,,,,,,,
Social insurance and retirement receipts,..........,..........,..........,..........,..........,..........,..........,..........,..........,..........,..........,..........,..........,..........,..........,..........,..........,..........,..........,..........,..........,332,911,878,970,"1,005","1,004","1,058","1,124","1,156","1,530","2,204","2,651","3,469","4,063","4,490","4,775","5,381","6,147","7,250","7,686","2,130","8,786","12,250","14,584","16,628","12,418","20,626","18,348","15,763","16,348","17,711","18,861","21,154","23,071","26,625","28,382","29,289","30,199","32,419","66,988","55,623","55,261","57,015","60,909","68,907","73,462","74,780","76,036","77,625","83,830","88,313","92,188","95,527","94,942","91,691","82,105","82,718","97,719","106,773","111,829","144,508","162,570","163,028","142,449","136,651","144,353","152,253","160,048"
Intragovernmental receipts:,,,,,,,,,,,,,,,,,,,,,,,,,,,,,,,,,,,,,,,,,,,,,,,,,,,,,,,,,,,,,,,,,,,,,,,,,,,,,,,,,,,,,,,,,
"Employer share, employee retirement (952)",..........,..........,..........,..........,..........,..........,..........,..........,..........,..........,..........,..........,..........,..........,..........,..........,..........,..........,..........,..........,..........,5,15,17,17,17,18,18,19,19,27,45,48,63,78,79,78,80,87,106,111,29,114,154,166,177,171,240,244,192,221,249,289,382,426,529,562,593,620,622,998,952,901,966,"1,011","1,095","1,149","1,287","1,395","1,645","1,589","1,688","1,785","1,914","2,065","2,171","2,191","2,261","2,348","2,285","2,324","3,065","3,344","3,499","2,934","2,827","2,931","3,062","3,164"
Interest (903),..........,..........,..........,..........,..........,..........,..........,..........,..........,..........,..........,..........,..........,..........,..........,..........,..........,..........,..........,..........,..........,1,16,33,47,61,70,70,68,65,54,67,83,140,221,324,388,434,482,512,468,13,372,251,305,454,273,363,449,558,580,631,795,657,745,866,"1,058","1,080",966,698,"1,888","2,481","3,526","4,433","5,224","6,265","7,572","8,715","9,565","9,787","10,128","10,406","10,934","10,998","10,727","9,901","8,568","7,154","5,537","3,996","2,733","1,506","1,625","2,195","2,759","2,677","2,345","1,847","1,497"
Other,..........,..........,..........,..........,..........,..........,..........,..........,..........,..........,..........,..........,..........,..........,..........,..........,..........,..........,..........,..........,..........,..........,..........,..........,27,..........,..........,..........,..........,..........,..........,16,16,32,16,16,50,51,52,52,90,..........,103,128,142,129,130,168,"2,866","1,299",912,"1,586",167,266,335,302,133,217,279,307,338,370,403,530,636,761,738,942,925,"1,054","1,170","1,768","1,479","1,380","1,847","1,752","13,367","16,716","5,662","1,050","1,079","1,211","1,957","1,673","1,643","1,805","1,947","2,090","2,241"
Total intragovernmental receipts,..........,..........,..........,..........,..........,..........,..........,..........,..........,..........,..........,..........,..........,..........,..........,..........,..........,..........,..........,..........,..........,6,31,51,91,78,88,88,87,85,81,128,147,235,315,419,516,565,621,670,669,42,589,533,612,760,574,772,"3,559","2,049","1,714","2,466","1,251","1,306","1,506","1,697","1,753","1,890","1,865","1,627","3,224","3,803","4,830","5,929","6,871","8,121","9,459","10,944","11,885","12,486","12,887","13,862","14,198","14,292","14,639","13,824","24,126","26,131","13,547","7,331","6,136","5,782","6,926","7,367","7,336","7,309","7,223","6,999","6,902"
Other cash income,..........,..........,..........,..........,..........,..........,..........,..........,..........,..........,..........,..........,..........,..........,..........,..........,..........,..........,..........,..........,..........,..........,..........,..........,..........,..........,..........,..........,..........,*,*,*,2,1,1,1,*,*,*,..........,*,..........,*,*,*,*,*,*,*,*,*,*,3,*,..........,*,*,*,2,4,3,8,9,9,11,34,59,66,64,74,47,38,60,83,71,76,77,82,87,84,71,66,63,65,66,67,68,69,70
Total cash income,..........,..........,..........,..........,..........,..........,..........,..........,..........,..........,..........,..........,..........,..........,..........,..........,..........,..........,..........,..........,..........,339,942,928,"1,061","1,083","1,092","1,145","1,211","1,241","1,611","2,332","2,800","3,705","4,380","4,910","5,291","5,946","6,768","7,920","8,355","2,172","9,374","12,784","15,196","17,388","12,992","21,398","21,907","17,812","18,062","20,177","20,115","22,460","24,577","28,322","30,135","31,179","32,065","34,049","70,215","59,434","60,100","62,953","67,791","77,062","82,980","85,790","87,985","90,185","96,764","102,213","106,446","109,902","109,652","105,591","106,308","108,931","111,353","114,188","118,036","150,356","169,559","170,460","149,851","144,027","151,644","159,321","167,020"
Cash outgo:,,,,,,,,,,,,,,,,,,,,,,,,,,,,,,,,,,,,,,,,,,,,,,,,,,,,,,,,,,,,,,,,,,,,,,,,,,,,,,,,,,,,,,,,,
Benefit payments (1),..........,..........,..........,..........,..........,..........,..........,..........,..........,..........,..........,..........,..........,..........,..........,..........,..........,..........,..........,..........,..........,..........,168,339,528,704,"1,011","1,171","1,251","1,392","1,721","1,861","2,088","2,443","2,778","3,381","4,046","5,162","6,159","7,630","9,222","2,555","11,135","12,214","13,428","14,899","16,853","17,399","17,588","17,735","18,654","19,526","20,421","21,395","22,516","24,306","26,871","30,360","33,588","36,823","40,201","43,231","45,367","47,680","50,424","54,210","58,159","64,202","69,789","76,212","83,765","90,698","96,988","104,228","114,951","122,931","128,005","135,126","139,428","141,291","142,846","142,963","142,805","144,781","149,036","152,858","157,599","163,429","169,856"
Payments to the railroad retirement account,..........,..........,..........,..........,..........,..........,..........,..........,..........,..........,..........,..........,..........,..........,..........,..........,..........,..........,..........,..........,..........,..........,..........,..........,..........,5,11,20,19,24,25,31,20,21,10,13,24,20,22,29,26,..........,-*,30,30,..........,29,26,28,22,43,68,57,61,88,80,82,58,83,106,68,2,59,157,135,159,10,154,167,215,338,388,445,418,448,462,465,512,551,444,419,376,207,164,115,166,157,129,109
Administrative expenses,..........,..........,..........,..........,..........,..........,..........,..........,..........,..........,..........,..........,..........,..........,..........,..........,..........,..........,..........,..........,..........,1,12,21,32,36,66,69,70,82,184,99,112,134,149,190,212,247,154,253,266,71,378,327,402,334,402,572,659,585,603,600,738,803,747,707,785,843,932,"1,018","1,064","1,074","1,211","1,565","1,520","1,611","1,764","2,008","1,968","2,072","2,316","2,409","2,343","2,493","2,581","2,923","3,009","2,896","2,741","2,776","2,881","2,773","2,680","3,093","2,857","2,769","2,759","2,741","2,740"
Interest payments,..........,..........,..........,..........,..........,..........,..........,..........,..........,..........,..........,..........,..........,..........,..........,..........,..........,..........,..........,..........,..........,..........,..........,..........,..........,..........,..........,..........,..........,..........,..........,..........,..........,..........,..........,..........,..........,..........,..........,..........,..........,..........,..........,..........,..........,..........,..........,..........,13,77,69,45,60,80,95,100,45,..........,..........,..........,..........,..........,..........,..........,..........,..........,..........,..........,..........,..........,..........,..........,..........,..........,..........,..........,..........,..........,..........,..........,..........,..........,..........,..........,..........,..........,..........,..........,..........
Military service credit adjustment,..........,..........,..........,..........,..........,..........,..........,..........,..........,..........,..........,..........,..........,..........,..........,..........,..........,..........,..........,..........,..........,..........,..........,..........,..........,..........,..........,..........,..........,..........,..........,..........,..........,..........,..........,..........,..........,..........,..........,..........,..........,..........,..........,..........,..........,..........,..........,..........,..........,..........,..........,..........,..........,..........,..........,..........,775,..........,..........,..........,..........,203,..........,..........,..........,..........,836,..........,..........,..........,..........,..........,..........,..........,..........,..........,3,..........,..........,..........,..........,..........,..........,..........,..........,..........,..........,..........,..........
Beneficiary services and other (1),..........,..........,..........,..........,..........,..........,..........,..........,..........,..........,..........,..........,..........,..........,..........,..........,..........,..........,..........,..........,..........,..........,-*,-*,*,-1,*,*,-2,*,2,7,15,15,16,21,28,39,49,71,92,27,77,84,84,99,-4,37,4,40,3,4,15,21,40,38,34,34,38,37,47,48,64,57,63,66,62,68,58,51,49,77,74,101,134,107,89,98,127,129,160,160,163,253,-35,..........,..........,..........,..........
Total cash outgo,..........,..........,..........,..........,..........,..........,..........,..........,..........,..........,..........,..........,..........,..........,..........,..........,..........,..........,..........,..........,..........,1,180,360,560,745,"1,089","1,259","1,339","1,498","1,931","1,997","2,237","2,613","2,954","3,606","4,309","5,467","6,384","7,982","9,606","2,653","11,590","12,655","13,944","15,332","17,280","18,035","18,291","18,459","19,372","20,243","21,290","22,360","23,487","25,230","28,592","31,295","34,641","37,984","41,380","44,558","46,701","49,459","52,142","56,046","60,831","66,432","71,982","78,550","86,468","93,572","99,850","107,240","118,114","126,423","131,571","138,632","142,847","144,640","146,306","146,272","145,855","148,291","151,973","155,793","160,515","166,299","172,705"
Surplus or deficit (-),..........,..........,..........,..........,..........,..........,..........,..........,..........,..........,..........,..........,..........,..........,..........,..........,..........,..........,..........,..........,..........,337,762,568,501,338,3,-114,-128,-258,-321,335,564,"1,092","1,426","1,305",982,479,384,-62,"-1,251",-481,"-2,216",128,"1,252","2,057","-4,288","3,363","3,615",-647,"-1,310",-66,"-1,175",100,"1,090","3,091","1,543",-116,"-2,576","-3,935","28,835","14,876","13,399","13,494","15,649","21,016","22,149","19,358","16,003","11,635","10,296","8,641","6,596","2,662","-8,462","-20,832","-25,263","-29,701","-31,494","-30,452","-28,270","4,084","23,704","22,169","-2,122","-11,766","-8,871","-6,978","-5,685"
Lending (-) or repayment of loans to OASI fund,..........,..........,..........,..........,..........,..........,..........,..........,..........,..........,..........,..........,..........,..........,..........,..........,..........,..........,..........,..........,..........,..........,..........,..........,..........,..........,..........,..........,..........,..........,..........,..........,..........,..........,..........,..........,..........,..........,..........,..........,..........,..........,..........,..........,..........,..........,..........,..........,"-5,081",..........,"2,540","2,541",..........,..........,..........,..........,..........,..........,..........,..........,..........,..........,..........,..........,..........,..........,..........,..........,..........,..........,..........,..........,..........,..........,..........,..........,..........,..........,..........,..........,..........,..........,..........,..........,..........,..........,..........,..........,..........
Adjustment to balances,..........,..........,..........,..........,..........,..........,..........,..........,..........,..........,..........,..........,..........,..........,..........,..........,..........,..........,..........,..........,..........,..........,..........,..........,..........,..........,..........,..........,..........,..........,..........,..........,..........,..........,..........,..........,..........,..........,..........,..........,..........,..........,..........,..........,..........,..........,..........,..........,..........,..........,..........,..........,..........,..........,..........,..........,..........,..........,..........,..........,..........,..........,..........,..........,..........,..........,..........,..........,..........,..........,..........,..........,"5,042",..........,..........,105,..........,..........,..........,..........,..........,..........,..........,68,11,..........,..........,..........,..........
"Fund balance, end of year",..........,..........,..........,..........,..........,..........,..........,..........,..........,..........,..........,..........,..........,..........,..........,..........,..........,..........,..........,..........,..........,337,"1,099","1,667","2,168","2,505","2,509","2,394","2,266","2,009","1,688","2,024","2,587","3,679","5,105","6,410","7,392","7,871","8,255","8,192","6,941","6,460","4,245","4,373","5,625","7,682","3,394","6,757","5,291","4,644","5,874","8,349","7,174","7,273","8,364","11,455","12,998","12,881","10,305","6,371","35,206","50,083","63,483","76,979","92,628","113,644","135,793","155,151","171,153","182,788","193,084","201,725","213,363","216,025","207,563","186,836","161,573","131,872","100,378","69,926","41,656","45,740","69,444","91,681","89,570","77,804","68,933","61,955","56,270"
Invested balance,..........,..........,..........,..........,..........,..........,..........,..........,..........,..........,..........,..........,..........,..........,..........,..........,..........,..........,..........,..........,..........,325,"1,055","1,607","2,101","2,386","2,407","2,278","2,141","1,878","1,465","1,835","2,351","3,492","4,835","6,078","7,012","7,803","8,195","8,158","6,931","6,453","4,242","4,352","5,583","7,674","3,392","6,753","5,288","4,656","5,704","8,335","7,193","7,345","8,428","11,505","13,105","12,918","10,237","6,100","35,225","50,100","63,562","76,996","92,666","113,707","135,842","155,287","170,793","182,799","193,263","202,178","213,830","216,487","207,932","187,222","161,965","132,345","100,791","70,113","41,638","45,880","69,669","92,036","90,076","77,804","68,933","61,955","56,270"
Uninvested balance,..........,..........,..........,..........,..........,..........,..........,..........,..........,..........,..........,..........,..........,..........,..........,..........,..........,..........,..........,..........,..........,12,45,60,66,119,102,116,125,131,224,189,236,187,270,332,380,68,60,35,10,7,3,21,43,7,2,4,2,-12,170,14,-19,-72,-65,-50,-107,-36,69,271,-19,-17,-79,-17,-37,-64,-49,-137,360,-11,-179,-453,-467,-462,-369,-386,-392,-473,-413,-187,18,-140,-225,-355,-506,..........,..........,..........,..........
Hospital insurance trust fund:,,,,,,,,,,,,,,,,,,,,,,,,,,,,,,,,,,,,,,,,,,,,,,,,,,,,,,,,,,,,,,,,,,,,,,,,,,,,,,,,,,,,,,,,,
Cash income:,,,,,,,,,,,,,,,,,,,,,,,,,,,,,,,,,,,,,,,,,,,,,,,,,,,,,,,,,,,,,,,,,,,,,,,,,,,,,,,,,,,,,,,,,
Social insurance and retirement receipts,..........,..........,..........,..........,..........,..........,..........,..........,..........,..........,..........,..........,..........,..........,..........,..........,..........,..........,..........,..........,..........,..........,..........,..........,..........,..........,..........,..........,..........,..........,893,"2,645","3,493","4,398","4,755","4,874","5,205","7,603","10,551","11,252","11,987","3,457","13,474","16,668","19,874","23,217","30,340","34,301","35,641","40,262","44,871","51,335","55,992","59,859","65,396","68,556","72,842","79,108","81,224","90,062","96,024","104,997","110,710","119,863","132,268","135,529","149,651","149,049","147,186","150,589","166,068","177,429","184,908","193,980","190,663","180,068","188,490","201,143","209,270","224,107","234,189","246,812","255,930","259,088","275,214","287,110","304,318","321,948","339,422"
Intragovernmental receipts:,,,,,,,,,,,,,,,,,,,,,,,,,,,,,,,,,,,,,,,,,,,,,,,,,,,,,,,,,,,,,,,,,,,,,,,,,,,,,,,,,,,,,,,,,
"Employer share, employee retirement (951) (3)",..........,..........,..........,..........,..........,..........,..........,..........,..........,..........,..........,..........,..........,..........,..........,..........,..........,..........,..........,..........,..........,..........,..........,..........,..........,..........,..........,..........,..........,..........,16,60,65,79,91,87,85,121,147,166,175,45,175,206,228,249,332,397,"1,054","1,306","1,449","1,604","1,700","1,884","2,007","2,153","2,205","2,324","2,375","2,440","2,449","2,382","2,465","2,499","2,576","2,630","2,704","2,913","3,049","3,423","3,302","3,404","3,538","3,710","3,935","4,042","4,025","4,093","4,178","4,052","4,073","4,285","4,416","4,477","4,562","4,705","4,886","5,103","5,268"
Interest (902),..........,..........,..........,..........,..........,..........,..........,..........,..........,..........,..........,..........,..........,..........,..........,..........,..........,..........,..........,..........,..........,..........,..........,..........,..........,..........,..........,..........,..........,..........,6,46,61,96,139,183,190,198,408,614,716,12,771,797,883,"1,061","1,325","1,873","1,656","1,686","2,016","2,809","3,994","5,169","6,603","7,943","8,992","10,054","10,581","10,593","10,871","10,389","9,757","9,154","9,286","10,470","12,338","13,774","14,791","15,074","15,155","15,388","16,141","15,910","15,901","14,604","12,902","11,297","9,917","8,960","8,624","8,043","7,454","7,226","7,178","7,258","7,664","7,908","7,887"
Interest from OASI,..........,..........,..........,..........,..........,..........,..........,..........,..........,..........,..........,..........,..........,..........,..........,..........,..........,..........,..........,..........,..........,..........,..........,..........,..........,..........,..........,..........,..........,..........,..........,..........,..........,..........,..........,..........,..........,..........,..........,..........,..........,..........,..........,..........,..........,..........,..........,..........,"1,028","1,337","1,207",383,..........,..........,..........,..........,..........,..........,..........,..........,..........,..........,..........,..........,..........,..........,..........,..........,..........,..........,..........,..........,..........,..........,..........,..........,..........,..........,..........,..........,..........,..........,..........,..........,..........,..........,..........,..........,..........
Federal Payment (OASDI taxes),..........,..........,..........,..........,..........,..........,..........,..........,..........,..........,..........,..........,..........,..........,..........,..........,..........,..........,..........,..........,..........,..........,..........,..........,..........,..........,..........,..........,..........,..........,..........,..........,..........,..........,..........,..........,..........,..........,..........,..........,..........,..........,..........,..........,..........,..........,..........,..........,..........,..........,..........,..........,..........,..........,..........,..........,..........,..........,..........,"1,639","3,913","4,069","3,558","5,067","6,552","8,787","4,903","10,946","8,318","8,577","8,765","10,319","10,593","11,733","12,376","13,760","15,143","18,643","14,310","18,066","20,208","23,022","24,206","23,684","24,943","27,694","30,577","33,542","36,553"
Other,..........,..........,..........,..........,..........,..........,..........,..........,..........,..........,..........,..........,..........,..........,..........,..........,..........,..........,..........,..........,..........,..........,..........,..........,..........,..........,..........,..........,..........,..........,..........,338,284,771,628,874,551,429,499,529,658,..........,944,860,907,871,834,"1,015","4,541","1,106","1,348",254,999,"1,045","1,070",798,631,706,495,608,591,554,691,197,861,725,725,"1,201",641,998,977,817,976,836,"2,628","1,414","1,952","2,214",862,"3,220","1,147",547,"2,187","1,648","1,712","1,773","1,829","1,891","1,953"
Total intragovernmental receipts,..........,..........,..........,..........,..........,..........,..........,..........,..........,..........,..........,..........,..........,..........,..........,..........,..........,..........,..........,..........,..........,..........,..........,..........,..........,..........,..........,..........,..........,..........,22,444,410,946,859,"1,144",826,748,"1,054","1,309","1,549",57,"1,890","1,863","2,018","2,182","2,490","3,285","8,279","5,435","6,020","5,049","6,693","8,098","9,679","10,894","11,828","13,084","13,450","15,280","17,824","17,394","16,471","16,917","19,275","22,612","20,670","28,834","26,799","28,072","28,199","29,928","31,248","32,189","34,840","33,820","34,022","36,247","29,267","34,298","34,052","35,897","38,263","37,035","38,395","41,430","44,956","48,444","51,661"
Other (mainly proprietary) receipts:,,,,,,,,,,,,,,,,,,,,,,,,,,,,,,,,,,,,,,,,,,,,,,,,,,,,,,,,,,,,,,,,,,,,,,,,,,,,,,,,,,,,,,,,,
Premium income,..........,..........,..........,..........,..........,..........,..........,..........,..........,..........,..........,..........,..........,..........,..........,..........,..........,..........,..........,..........,..........,..........,..........,..........,..........,..........,..........,..........,..........,..........,..........,..........,..........,..........,..........,..........,..........,..........,4,6,8,2,11,12,17,17,21,25,26,35,38,40,40,42,42,113,367,484,622,852,998,"1,107","1,279","1,320","1,401","1,392","1,440","1,525","1,598","1,799","2,303","2,652","2,836","3,000","2,928","3,503","3,495","3,634","3,657","3,537","3,598","3,596","3,881","4,131","4,187","4,283","4,508","4,810","5,127"
Other (4),..........,..........,..........,..........,..........,..........,..........,..........,..........,..........,..........,..........,..........,..........,..........,..........,..........,..........,..........,..........,..........,..........,..........,..........,..........,..........,..........,..........,..........,..........,..........,*,*,*,*,*,*,*,*,1,*,..........,*,*,1,*,*,*,3,*,*,*,9,*,..........,*,*,*,1,1,1,1,89,104,71,148,454,331,231,354,"1,902","2,388","4,889","5,666","5,852","5,250","5,754","7,720","11,968","9,256","5,374","9,074","6,289","6,946","7,038","7,129","7,220","7,311","7,403"
Total other (mainly proprietary) receipts,..........,..........,..........,..........,..........,..........,..........,..........,..........,..........,..........,..........,..........,..........,..........,..........,..........,..........,..........,..........,..........,..........,..........,..........,..........,..........,..........,..........,..........,..........,..........,*,*,*,*,*,*,*,4,7,8,2,11,12,17,17,21,25,29,35,38,40,49,42,42,113,367,485,623,853,999,"1,108","1,368","1,424","1,472","1,540","1,894","1,856","1,829","2,153","4,205","5,040","7,725","8,666","8,780","8,753","9,249","11,354","15,625","12,793","8,972","12,670","10,170","11,077","11,225","11,412","11,728","12,121","12,530"
Total cash income,..........,..........,..........,..........,..........,..........,..........,..........,..........,..........,..........,..........,..........,..........,..........,..........,..........,..........,..........,..........,..........,..........,..........,..........,..........,..........,..........,..........,..........,..........,915,"3,089","3,902","5,344","5,614","6,018","6,031","8,352","11,610","12,568","13,544","3,516","15,374","18,543","21,910","25,415","32,851","37,611","43,949","45,732","50,928","56,424","62,735","67,999","75,117","79,563","85,038","92,677","95,297","106,195","114,847","123,499","128,549","138,204","153,015","159,681","172,215","179,739","175,814","180,814","198,472","212,397","223,881","234,835","234,283","222,641","231,761","248,744","254,162","271,198","277,213","295,379","304,363","307,200","324,834","339,952","361,002","382,513","403,613"
Cash outgo:,,,,,,,,,,,,,,,,,,,,,,,,,,,,,,,,,,,,,,,,,,,,,,,,,,,,,,,,,,,,,,,,,,,,,,,,,,,,,,,,,,,,,,,,,
Benefit payments (5),..........,..........,..........,..........,..........,..........,..........,..........,..........,..........,..........,..........,..........,..........,..........,..........,..........,..........,..........,..........,..........,..........,..........,..........,..........,..........,..........,..........,..........,..........,..........,"2,508","3,736","4,654","4,804","5,442","6,108","6,648","7,806","10,353","12,267","3,314","14,906","17,415","19,898","23,793","28,909","34,344","38,102","41,461","47,710","48,867","49,804","51,862","57,317","65,722","68,486","80,584","90,535","101,350","113,402","123,908","136,010","135,299","129,286","127,698","139,082","145,308","150,967","163,765","182,523","183,571","204,536","223,305","239,724","249,943","260,629","261,237","272,632","270,527","277,756","293,728","295,558","297,907","310,528","323,536","344,399","382,339","398,991"
Administrative expenses,..........,..........,..........,..........,..........,..........,..........,..........,..........,..........,..........,..........,..........,..........,..........,..........,..........,..........,..........,..........,..........,..........,..........,..........,..........,..........,..........,..........,..........,..........,64,89,79,104,149,149,166,193,258,256,308,88,295,442,443,486,333,510,519,632,813,667,827,707,805,774,937,"1,187",866,"1,235","1,300","1,228","1,203","1,204","1,296","1,262","1,442","1,484","1,543","1,886","1,769","1,970","1,709","2,093","2,267","2,218","2,575","2,143","2,596","2,777","3,610","2,920","1,396","2,335","2,251","2,322","2,392","2,358","2,140"
Interest on normalized transfers,..........,..........,..........,..........,..........,..........,..........,..........,..........,..........,..........,..........,..........,..........,..........,..........,..........,..........,..........,..........,..........,..........,..........,..........,..........,..........,..........,..........,..........,..........,..........,..........,..........,..........,..........,..........,..........,..........,..........,..........,..........,..........,..........,..........,..........,..........,..........,..........,27,187,13,..........,..........,..........,..........,..........,..........,..........,..........,..........,..........,..........,..........,..........,..........,..........,..........,..........,..........,..........,..........,..........,..........,..........,..........,..........,..........,..........,..........,..........,..........,..........,..........,..........,..........,..........,..........,..........,..........
Military service credit adjustment,..........,..........,..........,..........,..........,..........,..........,..........,..........,..........,..........,..........,..........,..........,..........,..........,..........,..........,..........,..........,..........,..........,..........,..........,..........,..........,..........,..........,..........,..........,..........,..........,..........,..........,..........,..........,..........,..........,..........,..........,..........,..........,..........,..........,..........,..........,..........,..........,..........,..........,..........,..........,..........,..........,..........,..........,"1,100",..........,..........,..........,..........,"2,366",..........,..........,..........,..........,"1,177",..........,..........,..........,..........,..........,..........,..........,..........,..........,..........,..........,..........,..........,..........,..........,..........,..........,..........,..........,..........,..........,..........
Payments to the Patient-Centered Outcomes Research Trust Fund,..........,..........,..........,..........,..........,..........,..........,..........,..........,..........,..........,..........,..........,..........,..........,..........,..........,..........,..........,..........,..........,..........,..........,..........,..........,..........,..........,..........,..........,..........,..........,..........,..........,..........,..........,..........,..........,..........,..........,..........,..........,..........,..........,..........,..........,..........,..........,..........,..........,..........,..........,..........,..........,..........,..........,..........,..........,..........,..........,..........,..........,..........,..........,..........,..........,..........,..........,..........,..........,..........,..........,..........,..........,..........,..........,..........,..........,..........,25,49,55,50,54,61,65,..........,..........,..........,..........
Other (5),..........,..........,..........,..........,..........,..........,..........,..........,..........,..........,..........,..........,..........,..........,..........,..........,..........,..........,..........,..........,..........,..........,..........,..........,..........,..........,..........,..........,..........,..........,..........,..........,..........,..........,*,1,1,1,1,2,4,1,7,4,1,8,7,10,-97,15,131,151,172,160,116,190,218,200,203,185,181,181,671,795,918,"1,070","1,200","1,221","1,310","1,364","1,411","1,395","1,326","1,444","1,386","1,473","1,624","1,825","1,937","1,796","2,088","2,229","2,354","3,065","3,208",..........,..........,..........,..........
Total cash outgo,..........,..........,..........,..........,..........,..........,..........,..........,..........,..........,..........,..........,..........,..........,..........,..........,..........,..........,..........,..........,..........,..........,..........,..........,..........,..........,..........,..........,..........,..........,64,"2,597","3,815","4,758","4,953","5,592","6,276","6,842","8,065","10,612","12,579","3,404","15,207","17,862","20,343","24,288","29,248","34,864","38,551","42,295","48,667","49,685","50,803","52,730","58,238","66,687","70,742","81,971","91,604","102,770","114,883","127,683","137,884","137,298","131,500","130,030","142,901","148,013","153,820","167,015","185,703","186,936","207,571","226,842","243,377","253,634","264,828","265,205","277,190","275,149","283,509","298,927","299,362","303,368","316,052","325,858","346,791","384,697","401,131"
Surplus or deficit (-),..........,..........,..........,..........,..........,..........,..........,..........,..........,..........,..........,..........,..........,..........,..........,..........,..........,..........,..........,..........,..........,..........,..........,..........,..........,..........,..........,..........,..........,..........,851,492,87,586,661,426,-244,"1,510","3,545","1,956",966,112,167,681,"1,567","1,127","3,603","2,747","5,398","3,437","2,261","6,739","11,932","15,270","16,880","12,876","14,296","10,706","3,693","3,425",-36,"-4,184","-9,335",906,"21,515","29,651","29,314","31,726","21,994","13,799","12,769","25,461","16,310","7,993","-9,094","-30,993","-33,067","-16,461","-23,028","-3,951","-6,296","-3,548","5,001","3,832","8,782","14,094","14,211","-2,184","2,482"
Lending (-) or repayment of loans to OASI fund,..........,..........,..........,..........,..........,..........,..........,..........,..........,..........,..........,..........,..........,..........,..........,..........,..........,..........,..........,..........,..........,..........,..........,..........,..........,..........,..........,..........,..........,..........,..........,..........,..........,..........,..........,..........,..........,..........,..........,..........,..........,..........,..........,..........,..........,..........,..........,..........,"-12,437",..........,"1,824","10,613",..........,..........,..........,..........,..........,..........,..........,..........,..........,..........,..........,..........,..........,..........,..........,..........,..........,..........,..........,..........,..........,..........,..........,..........,..........,..........,..........,..........,..........,..........,..........,..........,..........,..........,..........,..........,..........
Adjustment to balances,..........,..........,..........,..........,..........,..........,..........,..........,..........,..........,..........,..........,..........,..........,..........,..........,..........,..........,..........,..........,..........,..........,..........,..........,..........,..........,..........,..........,..........,..........,..........,..........,..........,..........,..........,..........,..........,..........,..........,..........,..........,..........,..........,..........,..........,..........,..........,..........,..........,..........,..........,..........,..........,..........,..........,..........,..........,..........,..........,..........,..........,1,..........,..........,-2,..........,..........,..........,-13,11,..........,7,"-8,484",-27,..........,22,..........,..........,5,-1,-2,2,1,-9,..........,..........,..........,..........,..........
Transfer of CHI balances,..........,..........,..........,..........,..........,..........,..........,..........,..........,..........,..........,..........,..........,..........,..........,..........,..........,..........,..........,..........,..........,..........,..........,..........,..........,..........,..........,..........,..........,..........,..........,..........,..........,..........,..........,..........,..........,..........,..........,..........,..........,..........,..........,..........,..........,..........,..........,..........,..........,..........,..........,..........,..........,..........,..........,..........,..........,..........,"1,805",..........,..........,..........,..........,..........,..........,..........,..........,..........,..........,..........,..........,..........,..........,..........,..........,..........,..........,..........,..........,..........,..........,..........,..........,..........,..........,..........,..........,..........,..........
"Fund balance, end of year",..........,..........,..........,..........,..........,..........,..........,..........,..........,..........,..........,..........,..........,..........,..........,..........,..........,..........,..........,..........,..........,..........,..........,..........,..........,..........,..........,..........,..........,..........,851,"1,343","1,431","2,017","2,677","3,103","2,859","4,369","7,914","9,870","10,836","10,948","11,115","11,796","13,363","14,490","18,093","20,840","13,800","17,237","21,322","38,674","50,606","65,876","82,755","95,631","109,927","120,633","126,131","129,555","129,520","125,337","116,002","116,908","138,421","168,072","197,385","229,111","251,091","264,901","277,670","303,138","310,964","318,930","309,836","278,865","245,798","229,337","206,314","202,362","196,064","192,518","197,520","201,343","210,125","224,219","238,430","236,246","238,728"
Invested balance,..........,..........,..........,..........,..........,..........,..........,..........,..........,..........,..........,..........,..........,..........,..........,..........,..........,..........,..........,..........,..........,..........,..........,..........,..........,..........,..........,..........,..........,..........,786,"1,298","1,370","2,001","2,653","3,030","2,884","4,222","7,864","9,761","10,942","11,009","10,974","11,757","13,164","14,656","18,191","20,800","13,514","16,982","21,176","38,340","50,779","66,078","82,689","96,249","109,327","120,647","126,078","128,716","129,864","125,805","116,621","118,236","153,767","168,859","197,137","228,906","251,297","264,901","277,268","302,193","319,377","318,741","309,702","278,221","246,039","228,292","206,010","202,207","195,458","192,209","197,835","200,449","209,551","224,219","238,430","236,246","238,728"
Uninvested balance,..........,..........,..........,..........,..........,..........,..........,..........,..........,..........,..........,..........,..........,..........,..........,..........,..........,..........,..........,..........,..........,..........,..........,..........,..........,..........,..........,..........,..........,..........,65,45,60,15,24,73,-25,146,49,109,-106,-62,141,39,199,-166,-99,40,286,255,146,334,-173,-202,66,-617,600,-13,52,840,-344,-467,-619,"-1,328","-15,346",-787,247,204,-206,..........,402,945,"-8,413",189,134,644,-241,"1,045",304,155,606,309,-315,894,574,..........,..........,..........,..........
Supplementary medical insurance trust fund:,,,,,,,,,,,,,,,,,,,,,,,,,,,,,,,,,,,,,,,,,,,,,,,,,,,,,,,,,,,,,,,,,,,,,,,,,,,,,,,,,,,,,,,,,
Cash income:,,,,,,,,,,,,,,,,,,,,,,,,,,,,,,,,,,,,,,,,,,,,,,,,,,,,,,,,,,,,,,,,,,,,,,,,,,,,,,,,,,,,,,,,,
Individual income taxes (6),..........,..........,..........,..........,..........,..........,..........,..........,..........,..........,..........,..........,..........,..........,..........,..........,..........,..........,..........,..........,..........,..........,..........,..........,..........,..........,..........,..........,..........,..........,..........,..........,..........,..........,..........,..........,..........,..........,..........,..........,..........,..........,..........,..........,..........,..........,..........,..........,..........,..........,..........,..........,..........,..........,527,-527,..........,..........,..........,..........,..........,..........,..........,..........,..........,..........,..........,..........,..........,..........,..........,..........,..........,..........,..........,..........,..........,..........,..........,..........,..........,..........,..........,..........,..........,..........,..........,..........,..........
Excise Taxes,..........,..........,..........,..........,..........,..........,..........,..........,..........,..........,..........,..........,..........,..........,..........,..........,..........,..........,..........,..........,..........,..........,..........,..........,..........,..........,..........,..........,..........,..........,..........,..........,..........,..........,..........,..........,..........,..........,..........,..........,..........,..........,..........,..........,..........,..........,..........,..........,..........,..........,..........,..........,..........,..........,..........,..........,..........,..........,..........,..........,..........,..........,..........,..........,..........,..........,..........,..........,..........,..........,..........,..........,..........,..........,..........,..........,"1,876","2,808","3,216","3,209","2,991","2,853","4,147","5,997","2,826","2,800","2,800","2,800","2,800"
Intragovernmental receipts:,,,,,,,,,,,,,,,,,,,,,,,,,,,,,,,,,,,,,,,,,,,,,,,,,,,,,,,,,,,,,,,,,,,,,,,,,,,,,,,,,,,,,,,,,
Interest (902) (6),..........,..........,..........,..........,..........,..........,..........,..........,..........,..........,..........,..........,..........,..........,..........,..........,..........,..........,..........,..........,..........,..........,..........,..........,..........,..........,..........,..........,..........,..........,..........,14,21,23,12,17,29,45,76,106,104,4,137,229,363,416,384,473,680,807,"1,154","1,228","1,019",828,"1,025","1,427","1,627","1,716","1,888","2,116","1,935","1,388","2,192","2,606","2,926","3,160","3,187","2,916","2,452","1,727","1,364","1,459","1,986","3,151","2,981","2,998","3,231","2,947","2,518","2,460","2,482","2,020","2,315","1,249","1,225","1,520","2,180","4,074","5,019"
Federal contributions and other,..........,..........,..........,..........,..........,..........,..........,..........,..........,..........,..........,..........,..........,..........,..........,..........,..........,..........,..........,..........,..........,..........,..........,..........,..........,..........,..........,..........,..........,..........,..........,623,634,984,928,"1,245","1,365","1,430","2,029","2,330","2,939",878,"5,053","6,386","6,841","6,932","8,747","13,323","14,238","16,811","17,898","18,076","20,299","25,418","30,712","33,210","34,730","38,684","44,227","38,355","36,988","61,702","59,471","59,919","62,185","65,561","69,863","78,334","80,910","94,736","115,201","162,602","179,183","180,435","194,268","213,710","225,179","210,509","227,208","244,352","263,485","296,204","306,541","316,987","335,201","358,191","386,303","417,132","452,783"
Total intragovernmental receipts,..........,..........,..........,..........,..........,..........,..........,..........,..........,..........,..........,..........,..........,..........,..........,..........,..........,..........,..........,..........,..........,..........,..........,..........,..........,..........,..........,..........,..........,..........,..........,637,655,"1,008",940,"1,263","1,394","1,476","2,105","2,435","3,043",882,"5,190","6,614","7,204","7,347","9,132","13,796","14,918","17,618","19,052","19,304","21,318","26,246","31,737","34,637","36,358","40,400","46,114","40,471","38,923","63,090","61,663","62,525","65,111","68,721","73,050","81,250","83,362","96,463","116,565","164,061","181,169","183,586","197,249","216,708","228,410","213,456","229,726","246,812","265,967","298,224","308,856","318,236","336,426","359,711","388,483","421,206","457,802"
Premium income:,,,,,,,,,,,,,,,,,,,,,,,,,,,,,,,,,,,,,,,,,,,,,,,,,,,,,,,,,,,,,,,,,,,,,,,,,,,,,,,,,,,,,,,,,
From aged participants,..........,..........,..........,..........,..........,..........,..........,..........,..........,..........,..........,..........,..........,..........,..........,..........,..........,..........,..........,..........,..........,..........,..........,..........,..........,..........,..........,..........,..........,..........,..........,647,698,903,936,"1,253","1,340","1,427","1,579","1,750","1,769",492,"1,987","2,186","2,373","2,637","2,987","3,460","3,834","4,463","5,042","5,200","5,897","7,963","10,603","10,499","10,741","11,564","13,255","15,212","17,126","16,858","16,984","17,153","17,722","17,961","19,447","21,173","23,115","25,873","30,394","35,606","38,552","42,496","42,834","45,832","47,277","48,297","51,679","54,415","56,997","60,630","67,357","78,021","83,585","88,738","96,439","104,018","113,513"
For prescription drugs,..........,..........,..........,..........,..........,..........,..........,..........,..........,..........,..........,..........,..........,..........,..........,..........,..........,..........,..........,..........,..........,..........,..........,..........,..........,..........,..........,..........,..........,..........,..........,..........,..........,..........,..........,..........,..........,..........,..........,..........,..........,..........,..........,..........,..........,..........,..........,..........,..........,..........,..........,..........,..........,..........,..........,..........,..........,..........,..........,..........,..........,..........,..........,..........,..........,..........,..........,..........,..........,..........,..........,809,"1,628","1,822","2,150","2,363","2,631","2,955","3,224","3,564","3,815","4,514","4,936","5,240","6,578","7,556","8,361","9,190","10,101"
From States and other participants,..........,..........,..........,..........,..........,..........,..........,..........,..........,..........,..........,..........,..........,..........,..........,..........,..........,..........,..........,..........,..........,..........,..........,..........,..........,..........,..........,..........,..........,..........,..........,..........,..........,..........,..........,..........,..........,..........,125,151,168,46,206,245,263,291,332,371,393,444,482,500,582,793,945,995,"1,066","1,184","1,428","1,683","2,117","2,073","2,158","2,274","2,438","2,554","2,861","3,254","3,720","4,468","5,546","9,671","14,234","13,990","16,628","13,609","16,483","18,124","19,003","19,486","19,277","22,012","23,855","24,891","25,492","26,761","28,672","30,640","32,881"
Total premium income,..........,..........,..........,..........,..........,..........,..........,..........,..........,..........,..........,..........,..........,..........,..........,..........,..........,..........,..........,..........,..........,..........,..........,..........,..........,..........,..........,..........,..........,..........,..........,647,698,903,936,"1,253","1,340","1,427","1,704","1,901","1,937",539,"2,193","2,431","2,636","2,928","3,319","3,831","4,227","4,907","5,524","5,699","6,480","8,756","11,548","11,494","11,807","12,748","14,683","16,895","19,243","18,931","19,142","19,427","20,160","20,515","22,308","24,427","26,835","30,341","35,940","46,086","54,414","58,308","61,612","61,804","66,391","69,376","73,906","77,465","80,089","87,156","96,148","108,152","115,655","123,055","133,472","143,848","156,495"
Other (4),..........,..........,..........,..........,..........,..........,..........,..........,..........,..........,..........,..........,..........,..........,..........,..........,..........,..........,..........,..........,..........,..........,..........,..........,..........,..........,..........,..........,..........,..........,..........,*,*,*,*,*,*,*,*,..........,*,..........,*,*,*,*,*,*,1,*,-*,*,*,*,..........,3,1,1,1,2,3,4,1,3,7,4,4,3,-1,1,994,"1,114","3,428","3,765","3,965","4,064","4,639","4,990","5,252","5,036","5,684","5,102","5,019","5,248","5,298","5,348","5,398","5,448","5,498"
Total cash income,..........,..........,..........,..........,..........,..........,..........,..........,..........,..........,..........,..........,..........,..........,..........,..........,..........,..........,..........,..........,..........,..........,..........,..........,..........,..........,..........,..........,..........,..........,..........,"1,284","1,353","1,911","1,876","2,516","2,734","2,902","3,809","4,336","4,980","1,421","7,383","9,045","9,840","10,275","12,451","17,627","19,147","22,526","24,576","25,004","27,797","35,002","43,812","45,607","48,166","53,149","60,799","57,367","58,169","82,025","80,806","81,955","85,278","89,240","95,362","105,680","110,196","126,805","153,499","211,261","239,011","245,659","262,826","282,576","301,316","290,630","312,100","332,522","354,731","393,335","414,170","437,633","460,205","490,914","530,153","573,302","622,595"
Cash outgo:,,,,,,,,,,,,,,,,,,,,,,,,,,,,,,,,,,,,,,,,,,,,,,,,,,,,,,,,,,,,,,,,,,,,,,,,,,,,,,,,,,,,,,,,,
Benefit payments (5),..........,..........,..........,..........,..........,..........,..........,..........,..........,..........,..........,..........,..........,..........,..........,..........,..........,..........,..........,..........,..........,..........,..........,..........,..........,..........,..........,..........,..........,..........,..........,664,"1,390","1,645","1,979","2,035","2,255","2,391","2,874","3,765","4,671","1,269","5,865","6,852","8,259","10,144","12,345","14,806","17,487","19,475","21,808","25,166","29,932","33,677","36,854","41,450","45,456","48,595","52,398","57,997","63,482","67,167","71,115","74,808","78,972","87,169","97,471","107,013","121,740","131,763","150,903","191,606","230,055","230,997","257,584","268,889","297,333","288,074","310,634","327,293","354,091","396,390","404,226","404,467","447,418","486,415","524,836","593,976","617,599"
Administrative expenses (6),..........,..........,..........,..........,..........,..........,..........,..........,..........,..........,..........,..........,..........,..........,..........,..........,..........,..........,..........,..........,..........,..........,..........,..........,..........,..........,..........,..........,..........,..........,..........,134,143,195,217,248,289,246,409,404,528,132,475,494,544,594,889,746,823,899,923,"1,051",900,"1,265","1,450","1,524","1,507","1,658","1,845","1,718","1,722","1,770","1,420","1,431","1,510","1,780","1,926","1,717","2,245","2,648","2,745","3,208","3,067","3,027","2,926","3,061","3,127","3,528","3,252","3,552","2,659","3,103","4,131","4,045","3,738","3,697","3,737","3,655","3,685"
Payments to the Patient-Centered Outcomes Research Trust Fund,..........,..........,..........,..........,..........,..........,..........,..........,..........,..........,..........,..........,..........,..........,..........,..........,..........,..........,..........,..........,..........,..........,..........,..........,..........,..........,..........,..........,..........,..........,..........,..........,..........,..........,..........,..........,..........,..........,..........,..........,..........,..........,..........,..........,..........,..........,..........,..........,..........,..........,..........,..........,..........,..........,..........,..........,..........,..........,..........,..........,..........,..........,..........,..........,..........,..........,..........,..........,..........,..........,..........,..........,..........,..........,..........,..........,..........,..........,27,58,62,73,77,83,87,..........,..........,..........,..........
Other (5),..........,..........,..........,..........,..........,..........,..........,..........,..........,..........,..........,..........,..........,..........,..........,..........,..........,..........,..........,..........,..........,..........,..........,..........,..........,..........,..........,..........,..........,..........,..........,..........,..........,..........,..........,*,*,*,*,*,1,*,2,4,1,8,7,7,6,..........,..........,..........,5,4,13,47,58,32,11,10,9,9,18,33,36,43,55,95,70,79,79,68,63,61,58,56,52,80,98,109,125,117,502,251,472,..........,..........,..........,..........
Total cash outgo,..........,..........,..........,..........,..........,..........,..........,..........,..........,..........,..........,..........,..........,..........,..........,..........,..........,..........,..........,..........,..........,..........,..........,..........,..........,..........,..........,..........,..........,..........,..........,798,"1,532","1,840","2,196","2,283","2,544","2,637","3,283","4,170","5,200","1,401","6,342","7,350","8,805","10,746","13,240","15,559","18,317","20,374","22,730","26,217","30,837","34,947","38,316","43,022","47,021","50,285","54,254","59,724","65,213","68,946","72,553","76,272","80,518","88,992","99,452","108,825","124,055","134,490","153,727","194,882","233,185","234,085","260,568","272,006","300,512","291,682","314,011","331,012","356,937","399,683","408,936","408,846","451,715","490,112","528,573","597,631","621,284"
Surplus or deficit (-),..........,..........,..........,..........,..........,..........,..........,..........,..........,..........,..........,..........,..........,..........,..........,..........,..........,..........,..........,..........,..........,..........,..........,..........,..........,..........,..........,..........,..........,..........,..........,486,-179,71,-321,233,191,265,526,166,-220,20,"1,041","1,696","1,035",-471,-789,"2,068",830,"2,151","1,846","-1,214","-3,039",55,"5,495","2,585","1,145","2,863","6,545","-2,357","-7,044","13,079","8,253","5,683","4,760",248,"-4,090","-3,145","-13,859","-7,685",-228,"16,379","5,826","11,574","2,258","10,570",804,"-1,052","-1,911","1,510","-2,206","-6,348","5,234","28,787","8,490",802,"1,580","-24,329","1,311"
Adjustment to balances,..........,..........,..........,..........,..........,..........,..........,..........,..........,..........,..........,..........,..........,..........,..........,..........,..........,..........,..........,..........,..........,..........,..........,..........,..........,..........,..........,..........,..........,..........,..........,..........,..........,..........,..........,..........,..........,..........,..........,..........,..........,..........,..........,..........,..........,..........,..........,..........,..........,..........,..........,..........,..........,..........,..........,..........,..........,..........,..........,..........,..........,..........,..........,..........,..........,..........,..........,..........,..........,-1,-2,..........,"8,484",1,..........,..........,-1,..........,1,..........,..........,..........,..........,-6,..........,..........,..........,..........,..........
Transfer of CHI balances,..........,..........,..........,..........,..........,..........,..........,..........,..........,..........,..........,..........,..........,..........,..........,..........,..........,..........,..........,..........,..........,..........,..........,..........,..........,..........,..........,..........,..........,..........,..........,..........,..........,..........,..........,..........,..........,..........,..........,..........,..........,..........,..........,..........,..........,..........,..........,..........,..........,..........,..........,..........,..........,..........,..........,..........,..........,..........,"-1,805",..........,..........,..........,..........,..........,..........,..........,..........,..........,..........,..........,..........,..........,..........,..........,..........,..........,..........,..........,..........,..........,..........,..........,..........,..........,..........,..........,..........,..........,..........
"Fund balance, end of year",..........,..........,..........,..........,..........,..........,..........,..........,..........,..........,..........,..........,..........,..........,..........,..........,..........,..........,..........,..........,..........,..........,..........,..........,..........,..........,..........,..........,..........,..........,..........,486,307,378,57,290,481,746,"1,272","1,438","1,219","1,239","2,279","3,975","5,010","4,539","3,750","5,818","6,648","8,799","10,645","9,431","6,392","6,447","11,942","14,527","15,672","18,535","23,276","20,919","13,874","26,953","35,206","40,889","45,649","45,896","41,805","38,660","24,801","17,115","16,885","33,264","47,574","59,149","61,407","71,977","72,780","71,728","69,818","71,328","69,122","62,774","68,008","96,789","105,279","106,081","107,661","83,332","84,643"
Invested balance,..........,..........,..........,..........,..........,..........,..........,..........,..........,..........,..........,..........,..........,..........,..........,..........,..........,..........,..........,..........,..........,..........,..........,..........,..........,..........,..........,..........,..........,..........,..........,479,281,358,13,257,478,700,"1,231","1,378","1,230","1,244","2,232","4,021","4,974","4,558","3,821","5,874","6,958","9,117","10,736","9,424","6,166","6,326","11,928","14,286","16,241","18,534","23,268","21,489","13,513","27,175","34,464","39,502","26,529","45,075","41,978","38,804","24,850","17,115","17,202","33,061","39,248","59,090","61,764","70,982","70,446","69,324","67,385","68,391","66,128","63,336","70,589","95,789","102,490","106,081","107,661","83,332","84,643"
Uninvested balance,..........,..........,..........,..........,..........,..........,..........,..........,..........,..........,..........,..........,..........,..........,..........,..........,..........,..........,..........,..........,..........,..........,..........,..........,..........,..........,..........,..........,..........,..........,..........,7,25,20,44,33,3,46,41,60,-12,-5,47,-45,36,-19,-72,-56,-310,-318,-91,7,226,121,15,241,-569,2,8,-570,361,-222,742,"1,387","19,120",821,-174,-145,-49,..........,-317,203,"8,326",59,-357,995,"2,334","2,404","2,433","2,937","2,994",-562,"-2,581","1,000","2,789",..........,..........,..........,..........
"(1) For years after 2019, outlays for ""Beneficiary Services and other"" are included in the ""Benefit Payments"" line.",,,,,,,,,,,,,,,,,,,,,,,,,,,,,,,,,,,,,,,,,,,,,,,,,,,,,,,,,,,,,,,,,,,,,,,,,,,,,,,,,,,,,,,,,
"(2) In 1983, includes $329.3 million loss on sale of securities.",,,,,,,,,,,,,,,,,,,,,,,,,,,,,,,,,,,,,,,,,,,,,,,,,,,,,,,,,,,,,,,,,,,,,,,,,,,,,,,,,,,,,,,,,
"(3)Starting in 1983, includes amounts from Postal Service.",,,,,,,,,,,,,,,,,,,,,,,,,,,,,,,,,,,,,,,,,,,,,,,,,,,,,,,,,,,,,,,,,,,,,,,,,,,,,,,,,,,,,,,,,
"(4) For years after 1986, SMI receipts for kidney dialysis.  For years after 2004, includes Medicare refunds, which were shown as offsets to cash outgo in years prior to 2005.",,,,,,,,,,,,,,,,,,,,,,,,,,,,,,,,,,,,,,,,,,,,,,,,,,,,,,,,,,,,,,,,,,,,,,,,,,,,,,,,,,,,,,,,,
"(5) For years after 2019, outlays in the ""Other"" line are included in the ""Benefit Payments"" line.",,,,,,,,,,,,,,,,,,,,,,,,,,,,,,,,,,,,,,,,,,,,,,,,,,,,,,,,,,,,,,,,,,,,,,,,,,,,,,,,,,,,,,,,,
"(6)For 1989 and 1990, includes transactions and balances of the HI and SMI Catastrophic Insurance trust funds, which began in 1989 and were abolished in 1990.",,,,,,,,,,,,,,,,,,,,,,,,,,,,,,,,,,,,,,,,,,,,,,,,,,,,,,,,,,,,,,,,,,,,,,,,,,,,,,,,,,,,,,,,,
* $500 thousand or less.,,,,,,,,,,,,,,,,,,,,,,,,,,,,,,,,,,,,,,,,,,,,,,,,,,,,,,,,,,,,,,,,,,,,,,,,,,,,,,,,,,,,,,,,,
"Note: Offsetting collections from Federal sources that are credited to the Old Age and Survivors insurance (OASI) account and to the Supplementary Medical 
insurance (SMI) account are treated as offsets to cash outgo rather than as cash income. As a result, the partial transfer to SMI of Hospital Insurance (HI) home 
health is shown as benefit payments under HI rather than SMI. Similarly, transfers to Medicaid for payment of SMI premiums, which began in 2001, are shown as 
benefits under SMI.",,,,,,,,,,,,,,,,,,,,,,,,,,,,,,,,,,,,,,,,,,,,,,,,,,,,,,,,,,,,,,,,,,,,,,,,,,,,,,,,,,,,,,,,,
